{"cameraMode":{"drawMode":0,"name":"Shaded","section":"Shading Mode"},"sceneLighting":false,"audioPlay":false,"sceneViewState":{"m_AlwaysRefresh":false,"showFog":true,"showSkybox":false,"showFlares":true,"showImageEffects":true,"showParticleSystems":true,"showVisualEffectGraphs":true,"m_FxEnabled":true},"in2DMode":false,"pivot":{"x":-0.7858425378799439,"y":0.7854286432266235,"z":0.49476027488708498},"rotation":{"x":0.13434773683547975,"y":-0.8403815627098084,"z":0.2423921823501587,"w":0.46578851342201235},"size":1.0681746006011963,"orthographic":false}