{"cameraMode":{"drawMode":0,"name":"Shaded","section":"Shading Mode"},"sceneLighting":false,"audioPlay":false,"sceneViewState":{"m_AlwaysRefresh":false,"showFog":true,"showSkybox":false,"showFlares":true,"showImageEffects":true,"showParticleSystems":true,"showVisualEffectGraphs":true,"m_FxEnabled":true},"in2DMode":false,"pivot":{"x":-0.3417111039161682,"y":1.0283100605010987,"z":0.5821806192398071},"rotation":{"x":0.11781562119722367,"y":-0.8142256736755371,"z":0.17764447629451753,"w":0.5400040149688721},"size":1.3188648223876954,"orthographic":false}