{"cameraMode":{"drawMode":0,"name":"Shaded","section":"Shading Mode"},"sceneLighting":true,"audioPlay":false,"sceneViewState":{"m_AlwaysRefresh":false,"showFog":true,"showSkybox":true,"showFlares":true,"showImageEffects":true,"showParticleSystems":true,"showVisualEffectGraphs":true,"m_FxEnabled":true},"in2DMode":false,"pivot":{"x":-0.23307716846466065,"y":-0.906069278717041,"z":32.720550537109378},"rotation":{"x":-0.1185087189078331,"y":-0.020576270297169687,"z":0.0024234589654952289,"w":-0.9927624464035034},"size":24.45439338684082,"orthographic":false}