{"cameraMode":{"drawMode":0,"name":"Shaded","section":"Shading Mode"},"sceneLighting":true,"audioPlay":false,"sceneViewState":{"m_AlwaysRefresh":false,"showFog":true,"showSkybox":true,"showFlares":true,"showImageEffects":true,"showParticleSystems":true,"showVisualEffectGraphs":true,"m_FxEnabled":true},"in2DMode":false,"pivot":{"x":21.19601821899414,"y":-13.509958267211914,"z":22.455968856811525},"rotation":{"x":-0.19853152334690095,"y":-0.37138012051582339,"z":0.08156751096248627,"w":-0.9033694267272949},"size":20.70989418029785,"orthographic":false}