{"cameraMode":{"drawMode":0,"name":"Shaded","section":"Shading Mode"},"sceneLighting":true,"audioPlay":false,"sceneViewState":{"m_AlwaysRefresh":false,"showFog":true,"showSkybox":true,"showFlares":true,"showImageEffects":true,"showParticleSystems":true,"showVisualEffectGraphs":true,"m_FxEnabled":true},"in2DMode":false,"pivot":{"x":-1.6026091575622559,"y":2.4651436805725099,"z":-1.7329819202423096},"rotation":{"x":-0.1357892006635666,"y":-0.3758299946784973,"z":0.055735450237989429,"w":-0.9150232076644898},"size":1.7514240741729737,"orthographic":false}