{"cameraMode":{"drawMode":0,"name":"Shaded","section":"Shading Mode"},"sceneLighting":true,"audioPlay":false,"sceneViewState":{"m_AlwaysRefresh":false,"showFog":true,"showSkybox":true,"showFlares":true,"showImageEffects":true,"showParticleSystems":true,"showVisualEffectGraphs":true,"m_FxEnabled":true},"in2DMode":false,"pivot":{"x":-1.9575257301330567,"y":-1.676877498626709,"z":49.97781753540039},"rotation":{"x":-0.03629868105053902,"y":0.014955040998756886,"z":-0.00059188884915784,"w":-0.9992614984512329},"size":28.25714111328125,"orthographic":false}