{"cameraMode":{"drawMode":0,"name":"Shaded","section":"Shading Mode"},"sceneLighting":true,"audioPlay":false,"sceneViewState":{"m_AlwaysRefresh":false,"showFog":true,"showSkybox":true,"showFlares":true,"showImageEffects":true,"showParticleSystems":true,"showVisualEffectGraphs":true,"m_FxEnabled":true},"in2DMode":false,"pivot":{"x":-4.218289375305176,"y":1.325323462486267,"z":-0.11484003067016602},"rotation":{"x":0.18660172820091248,"y":-0.03358384966850281,"z":0.006389041896909475,"w":0.9818564057350159},"size":3.5396437644958498,"orthographic":false}