{"cameraMode":{"drawMode":0,"name":"Shaded","section":"Shading Mode"},"sceneLighting":true,"audioPlay":false,"sceneViewState":{"m_AlwaysRefresh":false,"showFog":true,"showSkybox":true,"showFlares":true,"showImageEffects":true,"showParticleSystems":true,"showVisualEffectGraphs":true,"m_FxEnabled":true},"in2DMode":false,"pivot":{"x":8.574512481689454,"y":16.93844985961914,"z":104.56758117675781},"rotation":{"x":-0.06471934914588928,"y":-0.038631804287433627,"z":0.0024751138407737018,"w":-0.9971793293952942},"size":33.7862548828125,"orthographic":false}