{"cameraMode":{"drawMode":0,"name":"Shaded","section":"Shading Mode"},"sceneLighting":false,"audioPlay":false,"sceneViewState":{"m_AlwaysRefresh":false,"showFog":true,"showSkybox":false,"showFlares":true,"showImageEffects":true,"showParticleSystems":true,"showVisualEffectGraphs":true,"m_FxEnabled":true},"in2DMode":false,"pivot":{"x":-0.07955026626586914,"y":1.1117867231369019,"z":3.0720622539520265},"rotation":{"x":-0.06160254776477814,"y":-0.7471863627433777,"z":0.06990737468004227,"w":-0.6580829620361328},"size":2.8464467525482179,"orthographic":false}